
<EDKSYSTEM EDKVERSION="14.7" EDWVERSION="1.2" TIMESTAMP="Sun Mar 05 15:07:50 2017">

  <SYSTEMINFO ARCH="artix7" DEVICE="xc7a100t" PACKAGE="csg324" PART="xc7a100tcsg324-3" SOURCE="D:/DSA/Processor/processor/processor.xmp" SPEEDGRADE="-3"/>

  <MODULES>
    <MODULE HWVERSION="1.01.a" INSTANCE="apu_fpu_virtex5_0" IPTYPE="PERIPHERAL" MHS_INDEX="0" MODCLASS="PERIPHERAL" MODTYPE="apu_fpu_virtex5">
      <DESCRIPTION TYPE="SHORT">V5 APU Floating Point Unit</DESCRIPTION>
      <DESCRIPTION TYPE="LONG">Floating Point Unit via Auxilary Processor Unit. for Virtex5</DESCRIPTION>
      <DOCUMENTATION>
        <DOCUMENT SOURCE="http://www.xilinx.com/cgi-bin/docs/ipdoc?c=apu_fpu_virtex5;v=v1_01_a;d=apu_fpu_virtex5.pdf" TYPE="IP"/>
      </DOCUMENTATION>
      <PARAMETERS>
        <PARAMETER ASSIGNMENT="OPTIONAL" MPD_INDEX="0" NAME="C_USE_RLOCS" TYPE="integer" VALUE="0"/>
        <PARAMETER ASSIGNMENT="OPTIONAL" MPD_INDEX="1" NAME="C_DOUBLE_PRECISION" TYPE="integer" VALUE="1"/>
        <PARAMETER ASSIGNMENT="OPTIONAL" MPD_INDEX="2" NAME="C_LATENCY_CONF" TYPE="integer" VALUE="1"/>
      </PARAMETERS>
      <PORTS>
        <PORT BUS="SFCB2" DEF_SIGNAME="__BUS__" DIR="I" MPD_INDEX="0" NAME="FCB_CLK" SIGIS="CLK" SIGNAME="__NOC__"/>
        <PORT BUS="SFCB2" DEF_SIGNAME="__BUS__" DIR="I" MPD_INDEX="1" NAME="FCB_RST" SIGNAME="__NOC__"/>
        <PORT BUS="SFCB2" DEF_SIGNAME="__BUS__" DIR="O" ENDIAN="BIG" LEFT="0" LSB="31" MPD_INDEX="2" MSB="0" NAME="FCMAPURESULT" RIGHT="31" SIGNAME="__NOC__" VECFORMULA="[0:31]"/>
        <PORT BUS="SFCB2" DEF_SIGNAME="__BUS__" DIR="O" MPD_INDEX="3" NAME="FCMAPUDONE" SIGNAME="__NOC__"/>
        <PORT BUS="SFCB2" DEF_SIGNAME="__BUS__" DIR="O" MPD_INDEX="4" NAME="FCMAPUSLEEPNOTREADY" SIGNAME="__NOC__"/>
        <PORT BUS="SFCB2" DEF_SIGNAME="__BUS__" DIR="O" MPD_INDEX="5" NAME="FCMAPURESULTVALID" SIGNAME="__NOC__"/>
        <PORT BUS="SFCB2" DEF_SIGNAME="__BUS__" DIR="O" ENDIAN="BIG" LEFT="0" LSB="3" MPD_INDEX="6" MSB="0" NAME="FCMAPUCR" RIGHT="3" SIGNAME="__NOC__" VECFORMULA="[0:3]"/>
        <PORT BUS="SFCB2" DEF_SIGNAME="__BUS__" DIR="O" MPD_INDEX="7" NAME="FCMAPUEXCEPTION" SIGNAME="__NOC__"/>
        <PORT BUS="SFCB2" DEF_SIGNAME="__BUS__" DIR="O" ENDIAN="BIG" LEFT="0" LSB="127" MPD_INDEX="8" MSB="0" NAME="FCMAPUSTOREDATA" RIGHT="127" SIGNAME="__NOC__" VECFORMULA="[0:127]"/>
        <PORT BUS="SFCB2" DEF_SIGNAME="__BUS__" DIR="O" MPD_INDEX="9" NAME="FCMAPUCONFIRMINSTR" SIGNAME="__NOC__"/>
        <PORT BUS="SFCB2" DEF_SIGNAME="__BUS__" DIR="O" MPD_INDEX="10" NAME="FCMAPUFPSCRFEX" SIGNAME="__NOC__"/>
        <PORT BUS="SFCB2" DEF_SIGNAME="__BUS__" DIR="I" ENDIAN="BIG" LEFT="0" LSB="31" MPD_INDEX="11" MSB="0" NAME="APUFCMINSTRUCTION" RIGHT="31" SIGNAME="__NOC__" VECFORMULA="[0:31]"/>
        <PORT BUS="SFCB2" DEF_SIGNAME="__BUS__" DIR="I" MPD_INDEX="12" NAME="APUFCMINSTRVALID" SIGNAME="__NOC__"/>
        <PORT BUS="SFCB2" DEF_SIGNAME="__BUS__" DIR="I" ENDIAN="BIG" LEFT="0" LSB="31" MPD_INDEX="13" MSB="0" NAME="APUFCMRADATA" RIGHT="31" SIGNAME="__NOC__" VECFORMULA="[0:31]"/>
        <PORT BUS="SFCB2" DEF_SIGNAME="__BUS__" DIR="I" ENDIAN="BIG" LEFT="0" LSB="31" MPD_INDEX="14" MSB="0" NAME="APUFCMRBDATA" RIGHT="31" SIGNAME="__NOC__" VECFORMULA="[0:31]"/>
        <PORT BUS="SFCB2" DEF_SIGNAME="__BUS__" DIR="I" MPD_INDEX="15" NAME="APUFCMOPERANDVALID" SIGNAME="__NOC__"/>
        <PORT BUS="SFCB2" DEF_SIGNAME="__BUS__" DIR="I" MPD_INDEX="16" NAME="APUFCMFLUSH" SIGNAME="__NOC__"/>
        <PORT BUS="SFCB2" DEF_SIGNAME="__BUS__" DIR="I" MPD_INDEX="17" NAME="APUFCMWRITEBACKOK" SIGNAME="__NOC__"/>
        <PORT BUS="SFCB2" DEF_SIGNAME="__BUS__" DIR="I" ENDIAN="BIG" LEFT="0" LSB="127" MPD_INDEX="18" MSB="0" NAME="APUFCMLOADDATA" RIGHT="127" SIGNAME="__NOC__" VECFORMULA="[0:127]"/>
        <PORT BUS="SFCB2" DEF_SIGNAME="__BUS__" DIR="I" MPD_INDEX="19" NAME="APUFCMLOADDVALID" SIGNAME="__NOC__"/>
        <PORT BUS="SFCB2" DEF_SIGNAME="__BUS__" DIR="I" ENDIAN="BIG" LEFT="0" LSB="3" MPD_INDEX="20" MSB="0" NAME="APUFCMLOADBYTEADDR" RIGHT="3" SIGNAME="__NOC__" VECFORMULA="[0:3]"/>
        <PORT BUS="SFCB2" DEF_SIGNAME="__BUS__" DIR="I" MPD_INDEX="21" NAME="APUFCMENDIAN" SIGNAME="__NOC__"/>
        <PORT BUS="SFCB2" DEF_SIGNAME="__BUS__" DIR="I" ENDIAN="BIG" LEFT="0" LSB="3" MPD_INDEX="22" MSB="0" NAME="APUFCMDECUDI" RIGHT="3" SIGNAME="__NOC__" VECFORMULA="[0:3]"/>
        <PORT BUS="SFCB2" DEF_SIGNAME="__BUS__" DIR="I" MPD_INDEX="23" NAME="APUFCMDECUDIVALID" SIGNAME="__NOC__"/>
        <PORT BUS="SFCB2" DEF_SIGNAME="__BUS__" DIR="I" MPD_INDEX="24" NAME="APUFCMDECFPUOP" SIGNAME="__NOC__"/>
        <PORT BUS="SFCB2" DEF_SIGNAME="__BUS__" DIR="I" MPD_INDEX="25" NAME="APUFCMDECLOAD" SIGNAME="__NOC__"/>
        <PORT BUS="SFCB2" DEF_SIGNAME="__BUS__" DIR="I" MPD_INDEX="26" NAME="APUFCMDECSTORE" SIGNAME="__NOC__"/>
        <PORT BUS="SFCB2" DEF_SIGNAME="__BUS__" DIR="I" ENDIAN="BIG" LEFT="0" LSB="2" MPD_INDEX="27" MSB="0" NAME="APUFCMDECLDSTXFERSIZE" RIGHT="2" SIGNAME="__NOC__" VECFORMULA="[0:2]"/>
        <PORT BUS="SFCB2" DEF_SIGNAME="__BUS__" DIR="I" MPD_INDEX="28" NAME="APUFCMDECNONAUTON" SIGNAME="__NOC__"/>
        <PORT BUS="SFCB2" DEF_SIGNAME="__BUS__" DIR="I" MPD_INDEX="29" NAME="APUFCMNEXTINSTRREADY" SIGNAME="__NOC__"/>
        <PORT BUS="SFCB2" DEF_SIGNAME="__BUS__" DIR="I" MPD_INDEX="30" NAME="APUFCMMSRFE0" SIGNAME="__NOC__"/>
        <PORT BUS="SFCB2" DEF_SIGNAME="__BUS__" DIR="I" MPD_INDEX="31" NAME="APUFCMMSRFE1" SIGNAME="__NOC__"/>
      </PORTS>
      <BUSINTERFACES>
        <BUSINTERFACE BUSNAME="__NOC__" BUSSTD="FCB" BUSSTD_PSF="FCB2" MPD_INDEX="0" NAME="SFCB2" TYPE="SLAVE">
          <PORTMAPS>
            <PORTMAP DIR="I" PHYSICAL="FCB_CLK"/>
            <PORTMAP DIR="I" PHYSICAL="FCB_RST"/>
            <PORTMAP DIR="O" PHYSICAL="FCMAPURESULT"/>
            <PORTMAP DIR="O" PHYSICAL="FCMAPUDONE"/>
            <PORTMAP DIR="O" PHYSICAL="FCMAPUSLEEPNOTREADY"/>
            <PORTMAP DIR="O" PHYSICAL="FCMAPURESULTVALID"/>
            <PORTMAP DIR="O" PHYSICAL="FCMAPUCR"/>
            <PORTMAP DIR="O" PHYSICAL="FCMAPUEXCEPTION"/>
            <PORTMAP DIR="O" PHYSICAL="FCMAPUSTOREDATA"/>
            <PORTMAP DIR="O" PHYSICAL="FCMAPUCONFIRMINSTR"/>
            <PORTMAP DIR="O" PHYSICAL="FCMAPUFPSCRFEX"/>
            <PORTMAP DIR="I" PHYSICAL="APUFCMINSTRUCTION"/>
            <PORTMAP DIR="I" PHYSICAL="APUFCMINSTRVALID"/>
            <PORTMAP DIR="I" PHYSICAL="APUFCMRADATA"/>
            <PORTMAP DIR="I" PHYSICAL="APUFCMRBDATA"/>
            <PORTMAP DIR="I" PHYSICAL="APUFCMOPERANDVALID"/>
            <PORTMAP DIR="I" PHYSICAL="APUFCMFLUSH"/>
            <PORTMAP DIR="I" PHYSICAL="APUFCMWRITEBACKOK"/>
            <PORTMAP DIR="I" PHYSICAL="APUFCMLOADDATA"/>
            <PORTMAP DIR="I" PHYSICAL="APUFCMLOADDVALID"/>
            <PORTMAP DIR="I" PHYSICAL="APUFCMLOADBYTEADDR"/>
            <PORTMAP DIR="I" PHYSICAL="APUFCMENDIAN"/>
            <PORTMAP DIR="I" PHYSICAL="APUFCMDECUDI"/>
            <PORTMAP DIR="I" PHYSICAL="APUFCMDECUDIVALID"/>
            <PORTMAP DIR="I" PHYSICAL="APUFCMDECFPUOP"/>
            <PORTMAP DIR="I" PHYSICAL="APUFCMDECLOAD"/>
            <PORTMAP DIR="I" PHYSICAL="APUFCMDECSTORE"/>
            <PORTMAP DIR="I" PHYSICAL="APUFCMDECLDSTXFERSIZE"/>
            <PORTMAP DIR="I" PHYSICAL="APUFCMDECNONAUTON"/>
            <PORTMAP DIR="I" PHYSICAL="APUFCMNEXTINSTRREADY"/>
            <PORTMAP DIR="I" PHYSICAL="APUFCMMSRFE0"/>
            <PORTMAP DIR="I" PHYSICAL="APUFCMMSRFE1"/>
          </PORTMAPS>
        </BUSINTERFACE>
      </BUSINTERFACES>
      <LICENSEINFO ICON_NAME="ps_core_earlyaccess"/>
    </MODULE>
  </MODULES>

  <EXTERNALPORTS/>

</EDKSYSTEM>